<?xml version="1.0" encoding="UTF-8" ?>
<!-- This is a WordPress eXtended RSS file generated by WordPress as an export of your site. -->
<!-- It contains information about your site's posts, pages, comments, categories, and other content. -->
<!-- You may use this file to transfer that content from one site to another. -->
<!-- This file is not intended to serve as a complete backup of your site. -->

<!-- To import this information into a WordPress site follow these steps: -->
<!-- 1. Log in to that site as an administrator. -->
<!-- 2. Go to Tools: Import in the WordPress admin panel. -->
<!-- 3. Install the "WordPress" importer from the list. -->
<!-- 4. Activate & Run Importer. -->
<!-- 5. Upload this file using the form provided on that page. -->
<!-- 6. You will first be asked to map the authors in this export file to users -->
<!--    on the site. For each author, you may choose to map to an -->
<!--    existing user on the site or to create a new user. -->
<!-- 7. WordPress will then import each of the posts, pages, comments, categories, etc. -->
<!--    contained in this file into your site. -->

	<!-- generator="WordPress/6.7.2" created="2025-02-18 19:21" -->
<rss version="2.0"
	xmlns:excerpt="http://wordpress.org/export/1.2/excerpt/"
	xmlns:content="http://purl.org/rss/1.0/modules/content/"
	xmlns:wfw="http://wellformedweb.org/CommentAPI/"
	xmlns:dc="http://purl.org/dc/elements/1.1/"
	xmlns:wp="http://wordpress.org/export/1.2/"
>

<channel>
	<title>The Blount Compass</title>
	<link>https://brahe.betatesting.as.ua.edu</link>
	<description></description>
	<pubDate>Tue, 18 Feb 2025 19:21:36 +0000</pubDate>
	<language>en</language>
	<wp:wxr_version>1.2</wp:wxr_version>
	<wp:base_site_url>https://brahe.betatesting.as.ua.edu/</wp:base_site_url>
	<wp:base_blog_url>https://brahe.betatesting.as.ua.edu</wp:base_blog_url>

		<wp:author><wp:author_id>4</wp:author_id><wp:author_login><![CDATA[Fred.whiting]]></wp:author_login><wp:author_email><![CDATA[fwhiting@ua.edu]]></wp:author_email><wp:author_display_name><![CDATA[Fred Whiting]]></wp:author_display_name><wp:author_first_name><![CDATA[Fred]]></wp:author_first_name><wp:author_last_name><![CDATA[Whiting]]></wp:author_last_name></wp:author>
	<wp:author><wp:author_id>1</wp:author_id><wp:author_login><![CDATA[e7yueq]]></wp:author_login><wp:author_email><![CDATA[webmaster@as.ua.edu]]></wp:author_email><wp:author_display_name><![CDATA[admin]]></wp:author_display_name><wp:author_first_name><![CDATA[]]></wp:author_first_name><wp:author_last_name><![CDATA[]]></wp:author_last_name></wp:author>
	<wp:author><wp:author_id>25</wp:author_id><wp:author_login><![CDATA[hlbray1]]></wp:author_login><wp:author_email><![CDATA[hlbray1@crimson.ua.edu]]></wp:author_email><wp:author_display_name><![CDATA[hlbray1]]></wp:author_display_name><wp:author_first_name><![CDATA[]]></wp:author_first_name><wp:author_last_name><![CDATA[]]></wp:author_last_name></wp:author>
	<wp:author><wp:author_id>26</wp:author_id><wp:author_login><![CDATA[cbnorman]]></wp:author_login><wp:author_email><![CDATA[cbnorman@crimson.ua.edu]]></wp:author_email><wp:author_display_name><![CDATA[cbnorman]]></wp:author_display_name><wp:author_first_name><![CDATA[]]></wp:author_first_name><wp:author_last_name><![CDATA[]]></wp:author_last_name></wp:author>
	<wp:author><wp:author_id>28</wp:author_id><wp:author_login><![CDATA[njking1]]></wp:author_login><wp:author_email><![CDATA[njking1@crimson.ua.edu]]></wp:author_email><wp:author_display_name><![CDATA[njking1]]></wp:author_display_name><wp:author_first_name><![CDATA[]]></wp:author_first_name><wp:author_last_name><![CDATA[]]></wp:author_last_name></wp:author>

				
	<generator>https://wordpress.org/?v=6.7.2</generator>

<image>
	<url>https://brahe.betatesting.as.ua.edu/wp-content/uploads/2025/02/cropped-BlountLogo-32x32.png</url>
	<title>The Blount Compass</title>
	<link>https://brahe.betatesting.as.ua.edu</link>
	<width>32</width>
	<height>32</height>
</image> 
		<item>
		<title><![CDATA[Page Title]]></title>
		<link>https://brahe.betatesting.as.ua.edu/?page_id=9807</link>
		<pubDate>Mon, 27 Jan 2025 19:37:35 +0000</pubDate>
		<dc:creator><![CDATA[e7yueq]]></dc:creator>
		<guid isPermaLink="false">https://brahe.betatesting.as.ua.edu/?page_id=9807</guid>
		<description></description>
		<content:encoded><![CDATA[<!-- wp:paragraph -->
<p>eu, viverra mattis elit. Donec vestibulum massa et purus feugiat, quis euismod tortor molestie. Orci varius natoque penatibus et magnis dis parturient montes, nascetur ridiculus mus. Quisque in purus tincidunt, maximus lacus quis, blandit ipsum. Maecenas interdum leo et elit gravida, ac porttitor leo dictum. Maecenas consectetur lectus ut eros mattis, a iaculis erat porta. Proin ac pharetra elit. Proin rhoncus facilisis eros, vel consequat ante eleifend a.</p>
<!-- /wp:paragraph -->

<!-- wp:list -->
<ul class="wp-block-list"><!-- wp:list-item -->
<li>one</li>
<!-- /wp:list-item -->

<!-- wp:list-item -->
<li>two</li>
<!-- /wp:list-item -->

<!-- wp:list-item -->
<li>three</li>
<!-- /wp:list-item --></ul>
<!-- /wp:list -->

<!-- wp:image {"id":9505,"width":"225px","height":"auto","sizeSlug":"medium","linkDestination":"media","align":"right"} -->
<figure class="wp-block-image alignright size-medium is-resized"><a href="https://brahe.betatesting.as.ua.edu/wp-content/uploads/2024/09/AdobeStock_359237134-edited.jpeg"><img src="https://brahe.betatesting.as.ua.edu/wp-content/uploads/2024/09/AdobeStock_359237134-edited-225x300.jpeg" alt="" class="wp-image-9505" style="width:225px;height:auto"/></a><figcaption class="wp-element-caption">boy standing on the opened book and looking at other books floating in the air, digital art style, illustration painting</figcaption></figure>
<!-- /wp:image -->

<!-- wp:heading -->
<h2 class="wp-block-heading">Heading</h2>
<!-- /wp:heading -->

<!-- wp:paragraph -->
<p>Curabitur finibus ipsum sollicitudin turpis volutpat dignissim. Sed id ex ligula. Pellentesque ligula tellus, blandit et gravida elementum, accumsan eu mi. Donec malesuada turpis id sollicitudin convallis. Aenean id euismod tortor. Nunc vel odio lacinia, ultricies sapien ac, finibus odio. Integer eu imperdiet lacus. Class aptent taciti sociosqu ad litora torquent per conubia nostra, per inceptos himenaeos. Phasellus tincidunt massa mauris, at tristique justo vulputate at.</p>
<!-- /wp:paragraph -->

<!-- wp:columns -->
<div class="wp-block-columns"><!-- wp:column -->
<div class="wp-block-column"><!-- wp:paragraph -->
<p><a href="https://brahe.betatesting.as.ua.edu/sign-me-up-apply/apply/" data-type="page" data-id="1195">Nunc mollis mollis velit</a>, id ultricies massa venenatis et. Phasellus condimentum justo vitae lectus lobortis, rutrum bibendum ipsum molestie. Sed semper ac velit vitae sodales. Quisque molestie nulla vel dolor consectetur, sed interdum libero venenatis. Quisque fermentum a sapien et gravida. Cras interdum lorem ornare nunc eleifend commodo. Aliquam ac varius tellus. Maecenas laoreet nisl sed sollicitudin elementum. Nulla a rutrum felis. Morbi a eros rutrum, bibendum tortor eget, tristique turpis. Morbi finibus iaculis aliquet. Integer justo neque, pretium et dictum id, maximus ac est. Maecenas efficitur lorem lorem, ut dictum libero cursus eu.</p>
<!-- /wp:paragraph --></div>
<!-- /wp:column -->

<!-- wp:column -->
<div class="wp-block-column"><!-- wp:paragraph -->
<p></p>
<!-- /wp:paragraph --></div>
<!-- /wp:column --></div>
<!-- /wp:columns -->

<!-- wp:media-text -->
<div class="wp-block-media-text is-stacked-on-mobile"><figure class="wp-block-media-text__media"></figure><div class="wp-block-media-text__content"><!-- wp:paragraph {"placeholder":"Content…"} -->
<p></p>
<!-- /wp:paragraph --></div></div>
<!-- /wp:media-text -->]]></content:encoded>
		<excerpt:encoded><![CDATA[]]></excerpt:encoded>
		<wp:post_id>9807</wp:post_id>
		<wp:post_date><![CDATA[2025-01-27 13:37:35]]></wp:post_date>
		<wp:post_date_gmt><![CDATA[2025-01-27 19:37:35]]></wp:post_date_gmt>
		<wp:post_modified><![CDATA[2025-01-27 13:37:35]]></wp:post_modified>
		<wp:post_modified_gmt><![CDATA[2025-01-27 19:37:35]]></wp:post_modified_gmt>
		<wp:comment_status><![CDATA[closed]]></wp:comment_status>
		<wp:ping_status><![CDATA[closed]]></wp:ping_status>
		<wp:post_name><![CDATA[__trashed]]></wp:post_name>
		<wp:status><![CDATA[trash]]></wp:status>
		<wp:post_parent>0</wp:post_parent>
		<wp:menu_order>0</wp:menu_order>
		<wp:post_type><![CDATA[page]]></wp:post_type>
		<wp:post_password><![CDATA[]]></wp:post_password>
		<wp:is_sticky>0</wp:is_sticky>
														<wp:postmeta>
		<wp:meta_key><![CDATA[_wp_trash_meta_status]]></wp:meta_key>
		<wp:meta_value><![CDATA[draft]]></wp:meta_value>
		</wp:postmeta>
							<wp:postmeta>
		<wp:meta_key><![CDATA[_wp_trash_meta_time]]></wp:meta_key>
		<wp:meta_value><![CDATA[1738006655]]></wp:meta_value>
		</wp:postmeta>
							<wp:postmeta>
		<wp:meta_key><![CDATA[_wp_desired_post_slug]]></wp:meta_key>
		<wp:meta_value><![CDATA[]]></wp:meta_value>
		</wp:postmeta>
							</item>
		<item>
		<title><![CDATA[About Blount Compass]]></title>
		<link>https://brahe.betatesting.as.ua.edu/about-blount-compass/</link>
		<pubDate>Thu, 13 Feb 2025 20:50:28 +0000</pubDate>
		<dc:creator><![CDATA[cbnorman]]></dc:creator>
		<guid isPermaLink="false">https://brahe.betatesting.as.ua.edu/?page_id=9911</guid>
		<description></description>
		<content:encoded><![CDATA[<!-- wp:acf/wildcat-menu-tabs {"name":"acf/wildcat-menu-tabs","data":{"tab_areas_0_title":"Purpose","_tab_areas_0_title":"field_62f41b29478fe","tab_areas_0_text_area":"Blount Compass exists to foster and aid the Blount Program community. Students, faculty, and alumni can all find useful tools and resources to assist in day-to-day tasks or event planning. Blountees can find new ways to engage with fellow students, faculty can more easily reach out to students and alumni, and alumni can share experienced advice, stay involved after graduation, and provide feedback.","_tab_areas_0_text_area":"field_62f41b36478ff","tab_areas_1_title":"Verified News Feed","_tab_areas_1_title":"field_62f41b29478fe","tab_areas_1_text_area":"In today's information climate, misinformation and scrupulous accounts are at an all-time high. Never before have you had access to so much false information at the tips of your fingers. Luckily, you have also never had so much true information either! Let Compass assist in the tricky task of differentiating the two. Blount Compass aims to provide coverage from several trusted journalistic outlets. No one is free of bias, so varying the sources you get your news from will always be a crucial aspect of engaged citizenship.\r\n\r\nCompass also encourages more attentiveness to local news and events by providing not just national coverage, but local Alabama and Tuscaloosa news as well. Blountees always have the option to make Tuscaloosa their home, and Compass makes the process of keeping up with that new home easier and more convenient.","_tab_areas_1_text_area":"field_62f41b36478ff","tab_areas_2_title":"Study Room Reservations","_tab_areas_2_title":"field_62f41b29478fe","tab_areas_2_text_area":"Collaborative study is a pillar of higher education, but reliably finding a place to meet up can be difficult. Blount has rooms available for students looking to study together, and with Compass, Blountees can see the availability of these rooms and reserve them for use \u003ca href=\u0022https://brahe.betatesting.as.ua.edu/room-schedules/\u0022\u003ehere\u003c/a\u003e.","_tab_areas_2_text_area":"field_62f41b36478ff","tab_areas_3_title":"Student Ride Share Board","_tab_areas_3_title":"field_62f41b29478fe","tab_areas_3_text_area":"Many students living on campus do not bring a car and thus have difficulty going off-campus. Why pay Uber and Lyft when students can help each other for free? Already planning a shopping trip this weekend? Post it on Compass, and see who wants to tag along! Need a ride to an off-campus event? See if anyone else in Blount is already planning to drive there! Posts can be found and created \u003ca href=\u0022https://brahe.betatesting.as.ua.edu/rides/\u0022\u003ehere\u003c/a\u003e.","_tab_areas_3_text_area":"field_62f41b36478ff","tab_areas":4,"_tab_areas":"field_62f41b08478fd"},"align":"","mode":"auto"} /-->]]></content:encoded>
		<excerpt:encoded><![CDATA[]]></excerpt:encoded>
		<wp:post_id>9911</wp:post_id>
		<wp:post_date><![CDATA[2025-02-13 14:50:28]]></wp:post_date>
		<wp:post_date_gmt><![CDATA[2025-02-13 20:50:28]]></wp:post_date_gmt>
		<wp:post_modified><![CDATA[2025-02-14 15:34:14]]></wp:post_modified>
		<wp:post_modified_gmt><![CDATA[2025-02-14 21:34:14]]></wp:post_modified_gmt>
		<wp:comment_status><![CDATA[closed]]></wp:comment_status>
		<wp:ping_status><![CDATA[closed]]></wp:ping_status>
		<wp:post_name><![CDATA[about-blount-compass]]></wp:post_name>
		<wp:status><![CDATA[publish]]></wp:status>
		<wp:post_parent>0</wp:post_parent>
		<wp:menu_order>0</wp:menu_order>
		<wp:post_type><![CDATA[page]]></wp:post_type>
		<wp:post_password><![CDATA[]]></wp:post_password>
		<wp:is_sticky>0</wp:is_sticky>
														<wp:postmeta>
		<wp:meta_key><![CDATA[_gravityflow_inbox_fields_json]]></wp:meta_key>
		<wp:meta_value><![CDATA[]]></wp:meta_value>
		</wp:postmeta>
							<wp:postmeta>
		<wp:meta_key><![CDATA[_gravityflow_inbox_forms_json]]></wp:meta_key>
		<wp:meta_value><![CDATA[]]></wp:meta_value>
		</wp:postmeta>
							<wp:postmeta>
		<wp:meta_key><![CDATA[_gravityflow_submit_forms_json]]></wp:meta_key>
		<wp:meta_value><![CDATA[]]></wp:meta_value>
		</wp:postmeta>
							<wp:postmeta>
		<wp:meta_key><![CDATA[_gravityflow_status_fields_json]]></wp:meta_key>
		<wp:meta_value><![CDATA[]]></wp:meta_value>
		</wp:postmeta>
							<wp:postmeta>
		<wp:meta_key><![CDATA[_gravityflow_status_forms_json]]></wp:meta_key>
		<wp:meta_value><![CDATA[]]></wp:meta_value>
		</wp:postmeta>
							<wp:postmeta>
		<wp:meta_key><![CDATA[_gravityflow_status_display_all]]></wp:meta_key>
		<wp:meta_value><![CDATA[]]></wp:meta_value>
		</wp:postmeta>
							<wp:postmeta>
		<wp:meta_key><![CDATA[_gravityflow_status_allow_anonymous]]></wp:meta_key>
		<wp:meta_value><![CDATA[]]></wp:meta_value>
		</wp:postmeta>
							<wp:postmeta>
		<wp:meta_key><![CDATA[footnotes]]></wp:meta_key>
		<wp:meta_value><![CDATA[]]></wp:meta_value>
		</wp:postmeta>
							</item>
					<item>
		<title><![CDATA[Blount Compass]]></title>
		<link>https://brahe.betatesting.as.ua.edu/</link>
		<pubDate>Wed, 12 Feb 2025 22:40:17 +0000</pubDate>
		<dc:creator><![CDATA[njking1]]></dc:creator>
		<guid isPermaLink="false">https://brahe.betatesting.as.ua.edu/?page_id=9916</guid>
		<description></description>
		<content:encoded><![CDATA[<!-- wp:acf/wildcat-fa-icons {"name":"acf/wildcat-fa-icons","data":{"icon_row_0_label":"Academics","_icon_row_0_label":"field_6543fe283adc8","icon_row_0_link":"","_icon_row_0_link":"field_6543fe283add0","icon_row_0_icon":"fa-duotone fa-solid fa-books","_icon_row_0_icon":"field_6543fe283add7","icon_row_1_label":"News","_icon_row_1_label":"field_6543fe283adc8","icon_row_1_link":"","_icon_row_1_link":"field_6543fe283add0","icon_row_1_icon":"fa-duotone fa-solid fa-newspaper","_icon_row_1_icon":"field_6543fe283add7","icon_row_2_label":"Involvement","_icon_row_2_label":"field_6543fe283adc8","icon_row_2_link":"","_icon_row_2_link":"field_6543fe283add0","icon_row_2_icon":"fa-duotone fa-solid fa-people-group","_icon_row_2_icon":"field_6543fe283add7","icon_row_3_label":"Alumni Connect","_icon_row_3_label":"field_6543fe283adc8","icon_row_3_link":"","_icon_row_3_link":"field_6543fe283add0","icon_row_3_icon":"fa-duotone fa-user-graduate","_icon_row_3_icon":"field_6543fe283add7","icon_row_4_label":"Tuscaloosa","_icon_row_4_label":"field_6543fe283adc8","icon_row_4_link":"","_icon_row_4_link":"field_6543fe283add0","icon_row_4_icon":"fa-duotone fa-solid fa-building","_icon_row_4_icon":"field_6543fe283add7","icon_row_5_label":"Messaging","_icon_row_5_label":"field_6543fe283adc8","icon_row_5_link":"","_icon_row_5_link":"field_6543fe283add0","icon_row_5_icon":"fa-duotone fa-solid fa-comment","_icon_row_5_icon":"field_6543fe283add7","icon_row":6,"_icon_row":"field_6543fe2839bcb","background":"bg-light","_background":"field_6543fe2839bd7","icon_color":"text-dark","_icon_color":"field_65fca385b94d6"},"align":"","mode":"auto"} /-->

<!-- wp:paragraph -->
<p></p>
<!-- /wp:paragraph -->]]></content:encoded>
		<excerpt:encoded><![CDATA[]]></excerpt:encoded>
		<wp:post_id>9916</wp:post_id>
		<wp:post_date><![CDATA[2025-02-12 16:40:17]]></wp:post_date>
		<wp:post_date_gmt><![CDATA[2025-02-12 22:40:17]]></wp:post_date_gmt>
		<wp:post_modified><![CDATA[2025-02-12 16:40:17]]></wp:post_modified>
		<wp:post_modified_gmt><![CDATA[2025-02-12 22:40:17]]></wp:post_modified_gmt>
		<wp:comment_status><![CDATA[closed]]></wp:comment_status>
		<wp:ping_status><![CDATA[closed]]></wp:ping_status>
		<wp:post_name><![CDATA[blount-compass]]></wp:post_name>
		<wp:status><![CDATA[publish]]></wp:status>
		<wp:post_parent>0</wp:post_parent>
		<wp:menu_order>0</wp:menu_order>
		<wp:post_type><![CDATA[page]]></wp:post_type>
		<wp:post_password><![CDATA[]]></wp:post_password>
		<wp:is_sticky>0</wp:is_sticky>
														<wp:postmeta>
		<wp:meta_key><![CDATA[_gravityflow_inbox_fields_json]]></wp:meta_key>
		<wp:meta_value><![CDATA[]]></wp:meta_value>
		</wp:postmeta>
							<wp:postmeta>
		<wp:meta_key><![CDATA[_gravityflow_inbox_forms_json]]></wp:meta_key>
		<wp:meta_value><![CDATA[]]></wp:meta_value>
		</wp:postmeta>
							<wp:postmeta>
		<wp:meta_key><![CDATA[_gravityflow_submit_forms_json]]></wp:meta_key>
		<wp:meta_value><![CDATA[]]></wp:meta_value>
		</wp:postmeta>
							<wp:postmeta>
		<wp:meta_key><![CDATA[_gravityflow_status_fields_json]]></wp:meta_key>
		<wp:meta_value><![CDATA[]]></wp:meta_value>
		</wp:postmeta>
							<wp:postmeta>
		<wp:meta_key><![CDATA[_gravityflow_status_forms_json]]></wp:meta_key>
		<wp:meta_value><![CDATA[]]></wp:meta_value>
		</wp:postmeta>
							<wp:postmeta>
		<wp:meta_key><![CDATA[_gravityflow_status_display_all]]></wp:meta_key>
		<wp:meta_value><![CDATA[]]></wp:meta_value>
		</wp:postmeta>
							<wp:postmeta>
		<wp:meta_key><![CDATA[_gravityflow_status_allow_anonymous]]></wp:meta_key>
		<wp:meta_value><![CDATA[]]></wp:meta_value>
		</wp:postmeta>
							<wp:postmeta>
		<wp:meta_key><![CDATA[footnotes]]></wp:meta_key>
		<wp:meta_value><![CDATA[]]></wp:meta_value>
		</wp:postmeta>
							</item>
					<item>
		<title><![CDATA[Post a Ride]]></title>
		<link>https://brahe.betatesting.as.ua.edu/post-a-ride/</link>
		<pubDate>Thu, 13 Feb 2025 06:07:58 +0000</pubDate>
		<dc:creator><![CDATA[e7yueq]]></dc:creator>
		<guid isPermaLink="false">https://brahe.betatesting.as.ua.edu/post-a-ride/</guid>
		<description></description>
		<content:encoded><![CDATA[[submit_job_form]]]></content:encoded>
		<excerpt:encoded><![CDATA[]]></excerpt:encoded>
		<wp:post_id>9944</wp:post_id>
		<wp:post_date><![CDATA[2025-02-13 00:07:58]]></wp:post_date>
		<wp:post_date_gmt><![CDATA[2025-02-13 06:07:58]]></wp:post_date_gmt>
		<wp:post_modified><![CDATA[2025-02-13 00:07:58]]></wp:post_modified>
		<wp:post_modified_gmt><![CDATA[2025-02-13 06:07:58]]></wp:post_modified_gmt>
		<wp:comment_status><![CDATA[closed]]></wp:comment_status>
		<wp:ping_status><![CDATA[closed]]></wp:ping_status>
		<wp:post_name><![CDATA[post-a-ride]]></wp:post_name>
		<wp:status><![CDATA[publish]]></wp:status>
		<wp:post_parent>0</wp:post_parent>
		<wp:menu_order>0</wp:menu_order>
		<wp:post_type><![CDATA[page]]></wp:post_type>
		<wp:post_password><![CDATA[]]></wp:post_password>
		<wp:is_sticky>0</wp:is_sticky>
														</item>
					<item>
		<title><![CDATA[Ride Dashboard]]></title>
		<link>https://brahe.betatesting.as.ua.edu/ride-dashboard/</link>
		<pubDate>Thu, 13 Feb 2025 06:07:58 +0000</pubDate>
		<dc:creator><![CDATA[e7yueq]]></dc:creator>
		<guid isPermaLink="false">https://brahe.betatesting.as.ua.edu/ride-dashboard/</guid>
		<description></description>
		<content:encoded><![CDATA[[job_dashboard]]]></content:encoded>
		<excerpt:encoded><![CDATA[]]></excerpt:encoded>
		<wp:post_id>9945</wp:post_id>
		<wp:post_date><![CDATA[2025-02-13 00:07:58]]></wp:post_date>
		<wp:post_date_gmt><![CDATA[2025-02-13 06:07:58]]></wp:post_date_gmt>
		<wp:post_modified><![CDATA[2025-02-13 00:07:58]]></wp:post_modified>
		<wp:post_modified_gmt><![CDATA[2025-02-13 06:07:58]]></wp:post_modified_gmt>
		<wp:comment_status><![CDATA[closed]]></wp:comment_status>
		<wp:ping_status><![CDATA[closed]]></wp:ping_status>
		<wp:post_name><![CDATA[ride-dashboard]]></wp:post_name>
		<wp:status><![CDATA[publish]]></wp:status>
		<wp:post_parent>0</wp:post_parent>
		<wp:menu_order>0</wp:menu_order>
		<wp:post_type><![CDATA[page]]></wp:post_type>
		<wp:post_password><![CDATA[]]></wp:post_password>
		<wp:is_sticky>0</wp:is_sticky>
														</item>
					<item>
		<title><![CDATA[Rides]]></title>
		<link>https://brahe.betatesting.as.ua.edu/rides/</link>
		<pubDate>Thu, 13 Feb 2025 06:07:58 +0000</pubDate>
		<dc:creator><![CDATA[e7yueq]]></dc:creator>
		<guid isPermaLink="false">https://brahe.betatesting.as.ua.edu/rides/</guid>
		<description></description>
		<content:encoded><![CDATA[[jobs]]]></content:encoded>
		<excerpt:encoded><![CDATA[]]></excerpt:encoded>
		<wp:post_id>9946</wp:post_id>
		<wp:post_date><![CDATA[2025-02-13 00:07:58]]></wp:post_date>
		<wp:post_date_gmt><![CDATA[2025-02-13 06:07:58]]></wp:post_date_gmt>
		<wp:post_modified><![CDATA[2025-02-13 00:07:58]]></wp:post_modified>
		<wp:post_modified_gmt><![CDATA[2025-02-13 06:07:58]]></wp:post_modified_gmt>
		<wp:comment_status><![CDATA[closed]]></wp:comment_status>
		<wp:ping_status><![CDATA[closed]]></wp:ping_status>
		<wp:post_name><![CDATA[rides]]></wp:post_name>
		<wp:status><![CDATA[publish]]></wp:status>
		<wp:post_parent>0</wp:post_parent>
		<wp:menu_order>0</wp:menu_order>
		<wp:post_type><![CDATA[page]]></wp:post_type>
		<wp:post_password><![CDATA[]]></wp:post_password>
		<wp:is_sticky>0</wp:is_sticky>
														</item>
		<item>
		<title><![CDATA[Room Schedules]]></title>
		<link>https://brahe.betatesting.as.ua.edu/room-schedules/</link>
		<pubDate>Thu, 13 Feb 2025 17:56:29 +0000</pubDate>
		<dc:creator><![CDATA[hlbray1]]></dc:creator>
		<guid isPermaLink="false">https://brahe.betatesting.as.ua.edu/room-schedules/</guid>
		<description></description>
		<content:encoded><![CDATA[<!-- wp:shortcode -->
[bookingtimeline type='1' header_title='Oliver-Bernard Rooms' limit_hours='8,17']
<!-- /wp:shortcode -->

<!-- wp:booking/booking {"wpbc_shortcode":"[booking]"} -->
<div class="wp-block-booking-booking">[booking]</div>
<!-- /wp:booking/booking -->]]></content:encoded>
		<excerpt:encoded><![CDATA[]]></excerpt:encoded>
		<wp:post_id>9954</wp:post_id>
		<wp:post_date><![CDATA[2025-02-13 11:56:29]]></wp:post_date>
		<wp:post_date_gmt><![CDATA[2025-02-13 17:56:29]]></wp:post_date_gmt>
		<wp:post_modified><![CDATA[2025-02-14 21:07:44]]></wp:post_modified>
		<wp:post_modified_gmt><![CDATA[2025-02-15 03:07:44]]></wp:post_modified_gmt>
		<wp:comment_status><![CDATA[closed]]></wp:comment_status>
		<wp:ping_status><![CDATA[closed]]></wp:ping_status>
		<wp:post_name><![CDATA[room-schedules]]></wp:post_name>
		<wp:status><![CDATA[publish]]></wp:status>
		<wp:post_parent>0</wp:post_parent>
		<wp:menu_order>0</wp:menu_order>
		<wp:post_type><![CDATA[page]]></wp:post_type>
		<wp:post_password><![CDATA[]]></wp:post_password>
		<wp:is_sticky>0</wp:is_sticky>
														</item>
					<item>
		<title><![CDATA[Academics]]></title>
		<link>https://brahe.betatesting.as.ua.edu/?page_id=9984</link>
		<pubDate></pubDate>
		<dc:creator><![CDATA[njking1]]></dc:creator>
		<guid isPermaLink="false">https://brahe.betatesting.as.ua.edu/?page_id=9984</guid>
		<description></description>
		<content:encoded><![CDATA[<!-- wp:html -->
<head>
  <style>
    body {
      font-family: Arial, sans-serif;
      margin: 0;
      padding: 0;
    }
    .navbar {
      background-color: #333;
      overflow: hidden;
      display: flex;
      justify-content: space-between;
      padding: 10px;
      align-items: center;
    }
    .navbar a {
      color: white;
      text-decoration: none;
      padding: 14px 20px;
      text-align: center;
    }
    .dropdown {
      position: relative;
      display: inline-block;
    }
    .dropdown-content {
      display: none;
      position: absolute;
      background-color: #f9f9f9;
      min-width: 200px;
      box-shadow: 0px 8px 16px rgba(0, 0, 0, 0.2);
      z-index: 1;
      padding: 10px;
    }
    .dropdown:hover .dropdown-content {
      display: block;
    }
    .dropdown button {
      padding: 10px 20px;
      background-color: #486db4;
      color: white;
      border: none;
      cursor: pointer;
      font-size: 16px;
    }
    .dropdown-content p {
      margin: 10px 0;
      font-size: 14px;
    }
    .dropdown button:hover {
      background-color: #235488;
    }
    .container {
      margin: 30px;
    }
    .section {
      margin-bottom: 20px;
    }
  </style>
</head>
<body>


  <div class="container">
    <!-- Curriculum Dropdown Section -->
    <div class="section">
      <div class="dropdown">
        <button>Curriculum</button>
        <div class="dropdown-content">
          <p>The curriculum includes all the core and elective courses necessary to complete your program. Explore the subjects you will study in your academic journey.</p>
          <a href="google.com"><button>Learn More</button></a>
        </div>
      </div>
    </div>

    <!-- Thematic Seminars Dropdown Section -->
    <div class="section">
      <div class="dropdown">
        <button>Thematic Seminars</button>
        <div class="dropdown-content">
          <p>Our thematic seminars focus on contemporary topics, allowing students to engage in discussions and research in specialized fields.</p>
          <a href="thematic_seminars.html"><button>Learn More</button></a>
        </div>
      </div>
    </div>

    <!-- Internships Dropdown Section -->
    <div class="section">
      <div class="dropdown">
        <button>Internships</button>
        <div class="dropdown-content">
          <p>Internship opportunities are available to enhance real-world experience and build your professional network while studying.</p>
          <a href="internships.html"><button>Learn More</button></a>
        </div>
      </div>
    </div>

    <!-- Study Abroad Dropdown Section -->
    <div class="section">
      <div class="dropdown">
        <button>Study Abroad</button>
        <div class="dropdown-content">
          <p>Our study abroad programs offer a chance to explore international cultures while earning academic credits for your degree.</p>
          <a href="study_abroad.html"><button>Learn More</button></a>
        </div>
      </div>
    </div>

    <!-- Thematic Cemetery Dropdown Section -->
    <div class="section">
      <div class="dropdown">
        <button>Thematic Cemetery</button>
        <div class="dropdown-content">
          <p>The Thematic Cemetery serves as a unique research and learning center for students interested in historical and cultural studies.</p>
          <a href="thematic_cemetery.html"><button>Learn More</button></a>
        </div>
      </div>
    </div>
  </div>

</body>

<!-- /wp:html -->

<!-- wp:paragraph -->
<p></p>
<!-- /wp:paragraph -->]]></content:encoded>
		<excerpt:encoded><![CDATA[]]></excerpt:encoded>
		<wp:post_id>9984</wp:post_id>
		<wp:post_date><![CDATA[2025-02-17 10:22:53]]></wp:post_date>
		<wp:post_date_gmt><![CDATA[0000-00-00 00:00:00]]></wp:post_date_gmt>
		<wp:post_modified><![CDATA[2025-02-17 10:22:53]]></wp:post_modified>
		<wp:post_modified_gmt><![CDATA[2025-02-17 16:22:53]]></wp:post_modified_gmt>
		<wp:comment_status><![CDATA[closed]]></wp:comment_status>
		<wp:ping_status><![CDATA[closed]]></wp:ping_status>
		<wp:post_name><![CDATA[]]></wp:post_name>
		<wp:status><![CDATA[draft]]></wp:status>
		<wp:post_parent>0</wp:post_parent>
		<wp:menu_order>0</wp:menu_order>
		<wp:post_type><![CDATA[page]]></wp:post_type>
		<wp:post_password><![CDATA[]]></wp:post_password>
		<wp:is_sticky>0</wp:is_sticky>
														</item>
					<item>
		<title><![CDATA[]]></title>
		<link>https://brahe.betatesting.as.ua.edu/?page_id=9986</link>
		<pubDate></pubDate>
		<dc:creator><![CDATA[njking1]]></dc:creator>
		<guid isPermaLink="false">https://brahe.betatesting.as.ua.edu/?page_id=9986</guid>
		<description></description>
		<content:encoded><![CDATA[<!-- wp:html -->
<head>
    <meta charset="UTF-8">
    <meta name="viewport" content="width=device-width, initial-scale=1.0">
<link rel="stylesheet" href="https://maxcdn.bootstrapcdn.com/bootstrap/3.3.7/css/bootstrap.min.css">
    <title>PHP Page with Banner and Buttons</title>
    <style>
        body {
            font-family: Arial, sans-serif;
            margin: 0;
            padding: 0;
        }
        /* Style for the header */
        header {
            background-color: #4CAF50;
            color: white;
            text-align: center;
            padding: 20px;
        }
        /* Style for the image banner */
        .banner {
            width: 100%;
            height: 120px;
            background-image: url('your-banner-image.jpg'); /* Replace with your image URL */
            background-size: cover;
            background-position: center;
            margin-top:-40px;
        }
        /* Style for the buttons container */
        .buttons-container {
            display: flex;
            flex-wrap: wrap;
            justify-content: space-evenly;
            margin-top: 20px;
        }
        /* Style for each button */
        .button {
            background-color:rgb(231, 231, 231);
            color: white;
            border: none;
            padding: 20px;
            width: 140px;
            margin: 10px;
            text-align: center;
            cursor: pointer;
            border-radius: 5px;
            transition: background-color 0.3s ease;
        }
        .button:hover {
            background-color:rgb(211, 211, 211);
        }
        /* Style for button labels */
        .button .label {
            font-size: 14px;
            font-weight: bold;
            margin-bottom: 5px;
            color: rgb(0, 0, 0);
        }
        /* Style for button descriptions */
        .button .description {
            font-size: 12px;
            font-weight: 550;
            color: rgb(123, 123, 123);
        }
        /* Style for glyphicon */
        .glyphicon {
            color: rgb(38, 126, 173);
        }
    </style>
</head>
<body>
<!-- Buttons Section -->
    <div class="buttons-container">
        <div class="button">
            <span class="glyphicon glyphicon-apple"></span>
            <div class="label">Academics</div>
            <div class="description">Go to the Academics page</div>
        </div>
        <div class="button">
            <span class="glyphicon glyphicon-home"></span>
            <div class="label">News</div>
            <div class="description">Go to the homepage page</div>
        </div>
        <div class="button">
            <span class="glyphicon glyphicon-calendar"></span>
            <div class="label">Involvement</div>
            <div class="description">Go to the News page</div>
        </div>
        <div class="button">
            <span class="glyphicon glyphicon-education"></span>
            <div class="label">Alumni Connect</div>
            <div class="description">Go to the Alumni Connect page</div>
        </div>
        <div class="button">
            <span class="glyphicon glyphicon-globe"></span>
            <div class="label">Tuscaloosa</div>
            <div class="description">Go to the Tuscaloosa page</div>
        </div>
        <div class="button">
            <span class="glyphicon glyphicon-envelope"></span>
            <div class="label">Communication</div>
            <div class="description">Go to the Communication page</div>
        </div>
        <div class="button">
            <div class="icon-container">
        <span class="glyphicon glyphicon-apple"></span>
    </div>
            <div class="label">Culture</div>
            <div class="description">Go to the Culture page</div>
        </div>
        <div class="button">
            <span class="glyphicon glyphicon-flash"></span>
            <div class="label">Procrastination</div>
            <div class="description">Go to the Procrastination page</div>
        </div>
    </div>
</body>
<!-- /wp:html -->]]></content:encoded>
		<excerpt:encoded><![CDATA[]]></excerpt:encoded>
		<wp:post_id>9986</wp:post_id>
		<wp:post_date><![CDATA[2025-02-14 12:21:34]]></wp:post_date>
		<wp:post_date_gmt><![CDATA[0000-00-00 00:00:00]]></wp:post_date_gmt>
		<wp:post_modified><![CDATA[2025-02-14 12:21:34]]></wp:post_modified>
		<wp:post_modified_gmt><![CDATA[2025-02-14 18:21:34]]></wp:post_modified_gmt>
		<wp:comment_status><![CDATA[closed]]></wp:comment_status>
		<wp:ping_status><![CDATA[closed]]></wp:ping_status>
		<wp:post_name><![CDATA[]]></wp:post_name>
		<wp:status><![CDATA[draft]]></wp:status>
		<wp:post_parent>0</wp:post_parent>
		<wp:menu_order>0</wp:menu_order>
		<wp:post_type><![CDATA[page]]></wp:post_type>
		<wp:post_password><![CDATA[]]></wp:post_password>
		<wp:is_sticky>0</wp:is_sticky>
														</item>
				</channel>
</rss>
	